nir,moisture,temp,brix
712.3620356542087,50.3305278371609,30.109062498719375,19.91
885.2142919229748,20.98347665835206,26.075678332714766,25.65
819.5981825434216,20.88494206115989,31.14443342342848,24.27
779.597545259111,32.94440876598165,29.668262425950903,22.35
646.8055921327309,39.54572761618663,35.15680959602514,18.66
646.7983561008608,50.816296712311726,34.086688741790354,18.05
617.4250836504598,47.33181506426021,30.4689059229631,17.14
859.8528437324806,37.83610825506993,28.26838831382485,24.81
780.3345035229627,30.945066651266636,39.82053949233388,23.07
812.4217733388136,59.884980006308446,31.810024317941725,22.4
606.1753482887407,37.04725208943891,35.32411353670356,18.19
890.9729556485984,38.05548097318702,27.10829451367541,25.21
849.7327922401265,26.544952847666767,32.28384549489097,24.89
663.7017332034828,51.79238194999718,25.413050798041983,18.0
654.5474901621302,47.74728903125954,32.58182676865675,18.84
655.0213529560301,28.830784511550416,39.460261106765536,19.96
691.2726728878613,23.295241824633706,30.763100694787003,20.48
757.4269294896714,47.21997208298852,25.584940188623673,21.13
729.5835055926348,46.18044857124541,25.46433686379015,19.9
687.3687420594126,30.930381079928374,30.819801399203044,20.35
783.5558684167138,58.03454249001641,27.40037404694791,21.43
641.8481581956125,26.04231567123601,25.35028144492279,18.63
687.6433945605654,37.29339204170408,36.343204209252654,19.95
709.9085529881075,57.74463680670395,31.877845133228362,19.26
736.8209952651108,36.78909267704489,29.338671579589818,21.33
835.5527884179041,45.54103790656342,38.50124774524721,24.53
659.9021346475079,35.90377591851177,26.742084403007883,18.65
754.2703315240835,30.968608093946802,39.33878243432979,22.76
777.7243706586128,59.359105918393126,29.70950076066029,20.61
613.9351238159993,36.37336025260172,38.32605508463022,18.1
782.2634555704315,55.76396814716538,34.044143147191924,21.82
651.1572371061875,29.198184235643446,37.40061039612231,19.37
619.5154778955839,28.52418816100333,39.760197448156966,18.64
884.665661176,21.245363315380455,29.326081567281186,25.97
889.6896099223678,46.066673015035406,39.41703228111389,25.83
842.5192044349383,34.74105374895045,30.842228423536305,24.33
691.3841307520112,54.57432999358548,30.782678571053836,18.41
629.3016342019151,38.928396267662286,30.105806563817588,17.4
805.2699079536471,58.72773711658887,33.12111411021378,22.1
732.0457481218804,27.421020628124847,27.312175647677307,21.5
636.6114704534336,54.744926718224434,33.30567228037017,16.85
748.553073033381,51.06387411166967,33.12557218615006,20.89
610.3165563345656,50.83687378576208,36.42852718907305,17.17
872.7961206236346,53.79132912467551,37.504749429063786,25.16
677.6339944800051,50.440959637719956,31.606620254686362,18.83
798.7566853061946,45.048812865256615,29.534998740272407,22.65
693.5133228268232,25.249795107295505,28.890023459756417,20.52
756.0204063533432,21.301047179650077,27.91935755057308,21.76
764.0130838029838,56.83391391262747,25.864713732985372,20.94
655.4563366576581,44.66601258082952,30.1367196825207,18.57
890.8753883293675,51.86149163904705,29.053715381961748,24.95
832.5398470083344,39.260894060502004,39.49626078799611,25.63
881.8496824692568,24.69232755849578,33.36563239375066,25.56
868.4482051282946,25.007431688102017,30.209155585457612,26.09
779.3699936433255,47.422611489158854,33.70701401490544,22.06
876.562270506935,37.21223579597851,27.087950520185434,25.08
626.5477506155759,28.02098906801347,31.66065623803304,18.6
658.7948587257436,39.66378186965748,34.39351482131596,19.01
613.5681866731614,22.568357483005364,32.33346747688677,18.39
697.5990992289793,43.27885607657595,31.026682009814863,19.93
716.6031869068446,30.75973617740391,39.907725833495476,21.14
681.4047095321688,51.90236402548753,38.2047214322339,19.65
848.6212527455788,32.41447835694295,34.3510893723916,24.79
707.0259980080768,38.20880596327205,33.540660417734244,20.19
684.2803529062143,20.464821596324025,34.30990719736876,20.68
762.8088249474745,22.897875511782356,28.0196816173365,22.89
642.2772674924288,35.69974225626739,30.92706614896478,18.47
840.6590942262119,39.19755338868494,25.59189299336349,23.87
622.3651931039312,44.00082192477215,32.1331905623024,17.5
896.0660809801552,31.66650314837213,33.14536875936495,26.46
831.6734307889972,47.7992754450617,28.416246041548142,23.47
659.6147044602517,54.40489588756818,39.46043270748271,19.31
601.6566351370807,51.194039555733994,38.64181916405863,17.15
844.6384285364502,21.584753013934286,35.832148531838584,25.64
812.0572031542852,39.220277890313156,33.00079943148044,23.47
818.7021504122962,24.197207136726995,38.04953739471527,25.11
831.3811040057838,29.681800634501098,26.959785157351945,23.85
622.2133955202271,59.46650373068586,36.85764691412328,17.48
707.5397185632818,25.69982171606053,26.872312209502724,20.66
634.7607178575389,39.95552613805424,36.91315993824108,18.58
858.931027762678,44.72622937272476,29.136513523770354,24.27
786.9894380482674,48.098598821764156,38.15635871527283,22.7
699.2694074557947,42.385947339476566,39.16063140738097,20.44
619.067505085807,20.390833896767347,27.231939541076734,18.55
693.2946965146987,33.058452329759675,31.940134075980904,20.76
697.5549966080241,40.70846573538846,39.71481067244028,20.84
818.8818535014192,23.514659965793335,32.2511115395972,24.63
791.2672414065639,34.02507724836723,37.953212837718176,23.3
866.1638227728979,21.32812435165466,33.830972831969795,25.67
741.6644775485847,23.143139886200828,30.629948618794028,22.36
635.8782737814905,35.87693104806384,29.286753332888054,18.59
813.9734361668985,25.308630161722412,28.04834636629131,24.3
828.2355145850693,42.70163393046232,36.42697287066546,23.78
768.3831592708489,47.578598765490625,30.798107602345418,21.56
831.2901539863683,52.02346796436331,32.669131933011265,22.84
748.1386789093173,28.006009769792403,32.38488220001773,22.02
756.8198488145982,26.699303290362792,33.65918543849697,22.83
728.2623055075649,24.18271361337601,37.98365718436828,21.99
607.6257380232286,45.457209981745464,39.71109015375144,17.93
632.3674280979914,48.25902905947605,31.113763128607253,17.67
609.4287557060203,21.26344579302568,37.412783831594545,18.94
790.9231233791342,57.448489849747595,36.467916919820766,21.81
694.306794322898,22.078851346058897,33.6029342718336,21.0
752.5712073494108,41.65185341204282,39.340707154179,21.14
872.2699421778279,48.36242077803666,28.00711773292604,24.31
674.7876687446625,54.83876494984342,26.638963154644323,17.82
723.114876910689,48.56347728529711,37.809429504331334,21.11
826.6653415629146,52.069123322791675,31.587247249506223,23.35
668.6394496474868,33.57800770171224,37.70453281310591,20.08
623.0939729486379,52.59300454986049,38.396353077931224,18.19
686.9254358741305,23.204593855387007,25.93686390428607,19.91
648.3663861762013,55.792666242421106,38.25197144479091,18.81
878.9092957027719,41.90369504614945,31.724785830541332,25.41
842.436113869325,52.69191079849975,32.65648733506348,23.54
790.021126953127,38.092731380732005,34.39888766639815,23.3
861.4381770563153,45.743107807860994,38.8957391009513,24.59
841.1016230697344,41.05610643744453,25.28674141644646,23.42
655.9710176658108,49.263580870213275,32.15265202476726,18.24
867.7676995469933,23.265199281223584,35.31583063645841,25.83
761.8026725746952,22.414083359622552,35.840604365473425,22.72
842.2320465492187,29.884129360405858,35.38798647305662,25.3
868.8273899770479,26.381787204527534,27.01652694112183,25.23
695.4010424915591,54.87134266368807,29.49093382557522,19.2
633.0155773583031,28.76855949432177,30.380732881255202,18.5
668.3805487625825,59.03461023276525,37.06655811519258,18.07
728.1323365878769,33.47583167084427,29.181398086218294,21.16
845.404429776748,27.284716627547972,28.160574458008046,24.09
858.2191749769031,51.58794028569916,39.361720285571444,24.54
602.0856391593572,46.34831102003504,25.132949276702032,16.15
753.2241907732697,39.92782865812556,39.96731283522968,22.78
725.2233009446337,42.214542037505254,35.15231948286093,21.23
666.632343141219,48.768071130890554,37.42703949173676,19.14
635.9596102001049,29.13818965325195,29.4192909451929,19.05
701.2845514210884,59.853356642269674,25.2147291650059,18.47
882.8729111737557,58.991726485871325,36.06804277842295,24.84
696.9608796062266,46.01302745387748,37.51216895501014,20.17
755.6371865230099,27.981698037165806,36.10714197930279,22.68
810.9056876685534,47.209129697251655,27.14275430951258,23.0
709.0888807137882,22.887936359167036,36.301418833854534,21.76
891.5346248162882,21.226100088232243,36.533841731614615,26.93
888.7341884826334,30.30731554044855,34.878107735050826,25.71
675.5346887476093,38.504918269572656,36.491738991933794,19.52
749.1745517677157,54.73090021633522,37.68882159516598,21.14
690.2634929450309,49.08676279065232,34.20406171356188,19.58
685.4521483132403,49.70826084799924,26.329070709545185,18.52
611.0660842063598,37.01973337792302,32.314417145008164,18.49
782.869300193969,33.83739970187852,26.164740020074078,22.88
750.8037069686584,34.84155051938411,31.11314546548646,21.96
615.4436253749968,59.505982549442315,31.106597336884413,16.7
683.5939392709835,21.6043676564993,25.990147662103624,20.12
872.4797657899961,54.681259844897944,30.23230800954219,23.92
671.8685672000918,43.14701634289574,26.664971481869724,18.84
643.4684616273669,37.54461676758362,37.123528150138334,19.06
746.8358280832689,49.01030641660546,39.21532038946706,21.13
895.6951362331802,39.466757656988115,26.08474712886908,25.46
672.6165814534502,54.93692952326642,39.32672810937552,19.05
801.6406642217636,56.02807456045034,32.838648990051176,21.72
828.4858845986153,36.86883707493821,29.49348516930811,23.54
671.2912631977199,31.073111889402064,26.152931129142452,19.25
818.4649045835579,43.69401314373449,32.50936402105627,23.93
710.334939815776,56.49453382466764,36.917733167361234,20.1
789.6917491780739,28.42648756022666,35.606297159000476,23.11
790.0589132282685,44.91866334253931,25.753390171959605,22.19
760.7324052224276,45.26240880370082,26.093527530518553,20.75
627.0869310163225,49.32452089661124,31.043099239489557,17.84
850.5907486767715,25.262707405090392,29.42935741071915,24.86
696.2340194915207,48.63299858728354,28.485764845840716,19.33
655.9555531199562,56.36130082662564,29.215067483630705,18.27
612.2325424664292,27.18732435480968,37.052241149453266,18.22
777.2678829564725,29.501732996955106,38.93842080447781,22.91
803.2693085526847,58.855803761665584,31.076540417913495,21.9
604.9763486783569,27.23907810837959,38.59166503198745,18.81
753.6279174897843,54.17540373478317,29.82243551871823,20.36
667.9487325593814,39.69111425792139,32.146554795156874,18.39
793.551837122835,29.889242976127083,28.390434967239997,22.94
652.3099287014975,54.829996050900455,34.60714063263766,18.37
807.2813214307398,37.81221020010662,39.68471672762213,24.18
716.0206038901613,40.59269415718761,34.05239644065068,20.56
881.0189966210203,34.36933477599062,30.367211261703233,25.35
641.256283243798,43.7180340573971,34.71726168985793,18.8
702.3199053150776,26.54095490340091,26.843810176980814,19.97
634.0420563721767,35.64326146607043,38.329886203980976,18.77
877.4080854835688,58.7764928934115,32.54625926169754,24.36
863.2018060142943,30.3253373080451,31.74024613059463,25.4
677.3824883145467,46.269466581651685,33.78797182680279,19.14
797.9952138102537,33.00760256898779,34.37175794184104,23.45
845.1666600603647,50.93892502746402,26.076637093397697,22.59
766.5602434798387,25.23494642873399,35.239258318351034,22.79
758.8951735068019,58.79284180314179,28.628975204732946,20.79
672.5556872701355,38.151581655345566,35.709289487598845,19.39
627.9308303417697,29.44201853385856,37.33802191576295,18.98
869.164727385998,22.939869893200505,37.05937761328781,26.29
870.1254171489991,26.79031620350163,33.28751451111834,25.64
789.9304371819803,40.79095794224071,32.802548384661264,22.77
701.7089373146102,33.48012705725145,27.143139420091174,19.9
704.7628723837983,53.15533463530438,36.63019225604703,19.86
817.7867036610718,37.235500946472236,29.071140706700717,23.62
869.1330779857731,29.948570903505196,32.4504313422692,25.55
866.1259272795352,44.68579946416121,29.26411139391275,24.29
833.9626637572871,48.27108867541783,27.0074254449954,23.28
792.6094938462863,26.681676316037994,34.443365453376046,23.82
625.2419894985146,26.704768651532707,25.814980522343557,17.63
648.4886142283841,21.466857077341718,36.229678511893,20.22
869.5662565581238,49.45608060262562,29.76380192891675,24.26
781.928717897877,46.552181104872204,25.00202039506728,21.81
602.7591154849889,38.98523502999255,32.66693708855845,17.81
630.4414628598097,53.76681795876789,25.702778627914046,16.63
799.0505307324167,52.22680611800213,29.142543367313493,21.95
601.5184751538656,43.414174575870085,35.60464731183574,17.3
648.2424154252496,54.73085122053035,25.940344324327988,17.28
764.6201368099759,28.23364840147073,37.59007738534004,23.46
807.568559307808,24.476784775909117,25.057298839878747,23.26
795.5883778507801,30.789984460679584,28.702358038028535,22.94
667.2807928381679,22.283474243572595,36.113560842281075,20.42
813.6537664042608,41.24678112004128,29.744052245939603,22.81
671.1747262490401,57.464227691798456,26.528385820990202,17.95
697.6199094477803,21.573741626740386,30.40350878200642,20.98
823.9474215354072,24.884396560401072,29.055899295767883,24.13
794.8898697141644,38.08796113133741,37.64067853240832,23.29
854.7670231482534,57.3550007011162,29.700218763777148,23.38
797.2838676901031,32.64624419907002,36.833987076640106,23.15
770.4925810006415,40.289392347535696,38.37808217216102,22.65
628.1024303484278,21.662914362015684,31.507261293647943,19.49
710.31474091783,25.933728038483554,38.64914715781588,21.58
679.5607103045177,59.46520491835388,30.659770809447892,18.55
673.1968930137251,58.60474785744182,39.461176247351624,19.14
891.9031664257336,20.197599237376384,26.339342867883595,25.85
717.9293174000281,58.07247141692956,35.305288997548644,20.47
867.613966553134,45.56479751262002,32.40721060685393,24.73
789.3415877991788,54.716731780800885,30.814732081834705,22.36
838.4433910624946,38.18959422535436,34.490678181229015,24.13
750.7911279315576,40.62384114317001,35.55785637451497,22.34
773.0711653879077,39.55386321027681,25.065449044754637,22.01
747.7553081456592,46.67457030184417,27.504296331207982,21.03
658.5728963394133,25.586050190252514,35.69569075951478,19.99
816.7356345784516,21.198943594907117,34.9957812036731,24.53
684.2317087322567,32.31719766364763,39.49071257693016,20.93
607.2947899294362,48.18723050946587,36.415566853761746,17.41
793.6416887721504,28.074138084917934,39.26159061597007,23.3
653.1332038221146,46.93729733299669,35.538107523022106,18.35
882.1375753058743,58.79648184429082,29.47078312959165,24.17
886.1785731007762,23.756028631576736,26.58047383376285,26.0
874.4593170661345,46.90408472900505,36.72735795017403,25.07
711.0476100766333,37.750008772182845,34.66223832213874,21.1
604.6369849586603,54.72569017510021,25.722790185899445,15.67
878.4955687763177,27.085991577895435,30.400756988514676,25.82
728.4552444951943,47.70503808904658,39.351997232264296,20.51
889.9964457131009,53.52461158592441,32.50601718565302,25.15
889.0859931267759,57.78456877896093,31.49093704029557,24.58
855.9028366402081,47.329921131585834,31.86549407738941,24.34
688.3346676208757,39.8869905603371,28.133240860077457,19.29
715.5293185805776,44.713889608048554,30.53060756297193,20.63
855.341001455057,54.756199379148725,30.54719883980765,24.05
695.0766015468832,42.82438986555319,25.785325302812087,19.61
650.8478240058278,21.215482387873475,36.513514427768776,19.93
767.0403787375051,57.23794782027911,31.247566478558184,21.31
880.8464322482344,47.58107004126245,37.33269830224635,25.06
808.8089390024919,47.06053543108986,37.75522001679843,23.53
771.0183510268095,28.627006095908687,28.179910820479872,22.97
629.1529481312306,46.355418809306286,34.86030223255193,18.3
784.5021680097509,35.754576226166336,32.084227062444725,22.55
897.0161550312789,46.04931908165968,38.202351068822274,25.98
642.0252045709572,24.26372121231963,28.236110187646812,18.62
755.498895709121,46.313812184121446,35.167198004650665,21.79
863.2119215783866,59.97654903082666,34.116281833790836,24.07
822.2305853262613,21.92848155442224,29.42952216357749,23.8
809.1047222985803,59.08696736885269,27.04901355476759,21.62
810.7452251961328,36.27631842891482,34.77459640715915,23.58
707.8473453659266,54.83013801349037,36.07896187198496,19.8
688.077553279348,51.29541936233094,29.73441015645025,18.71
842.808346643554,42.68065043946671,34.672489060334705,24.37
843.0340184037542,49.537968370053065,30.92696361417255,23.75
860.121695574031,55.14062245205392,35.69810324923927,24.14
873.9721657669413,36.165612866041315,27.988229123410797,24.8
753.4027196582813,33.081326462529546,38.353225039542615,22.74
750.4548884061599,46.70373542254339,29.311143946983698,21.56
839.4885536900325,52.31383767765034,30.516789816342293,23.26
794.9891792333295,50.49140539106463,25.871379281205247,21.73
810.590063177311,51.912545954345376,26.672683184819146,22.49
838.7378008308303,37.42333259251732,32.73792854068492,24.17
867.0016025452699,52.71336864700086,29.013890150919572,24.03
701.3985470554608,24.80836221482434,37.53220338613291,21.52
712.6748857919832,41.77956391843398,25.220400829824307,19.38
628.1945819522607,20.230346419924864,30.686410730079043,19.38
773.4840422988522,32.98343319601081,30.06018320153639,22.48
610.7826821390227,34.65846139485592,25.289914463764017,17.28
739.679405439738,35.846907664370214,26.865525985007654,21.11
762.793390412273,47.81868826759449,31.20464012377953,21.47
685.9623756384854,35.54232405081383,32.3929687667117,19.46
777.2499781707032,37.94774490490123,31.064346208823036,22.83
609.1500749817149,29.5017652349731,32.96406517618141,18.14
611.2044566247644,34.9300716651736,33.92697512358522,18.11
846.7801681978974,29.090785090526058,25.148857316917535,24.7
708.0571924233789,22.927836950737746,31.96142739180256,20.91
638.1181537955654,44.13794373525512,39.452488613313825,18.8
756.6729780164413,46.728511942200655,32.785484201943234,21.39
830.9980659295833,44.779613840384584,35.163134011884296,24.1
664.746308249053,38.5397617520229,29.677957868753246,18.41
786.8671427457001,35.19143120716919,36.609870672291436,23.13
625.6042394981304,54.53334598287301,36.593822228141725,17.41
615.5045163505823,40.76327140544872,32.81944071481208,17.87
759.4063894704444,39.16727510518924,39.6402073491882,22.52
762.190536483032,21.02568263225743,26.8832532214398,22.31
791.2289704494619,33.64991310504625,25.254214973343714,22.39
817.8274001167985,35.20782475143428,36.55237317635644,24.01
892.7556238387604,35.952911235876016,37.10733306047324,25.91
754.8901044903586,43.206894769093296,26.803108436808643,21.45
696.8869418823738,41.34410186907514,28.98374249437909,19.67
838.5558584306111,44.316203711737785,25.263285450499435,22.56
681.2496753786222,50.59533046168513,29.39962916170847,18.78
731.6914262116909,52.51942954864374,36.59712810878007,20.41
623.5369144026798,48.724923049059775,32.76940791568868,17.07
607.6052230246372,58.22094783819739,30.22143389752432,16.09
888.7945244033775,20.729303307054465,30.576089423594954,26.43
850.7940361536618,27.831119427341843,25.02030438573202,24.98
808.7922618281094,20.302514999125684,29.497007913478537,24.15
722.685883324281,45.898988566184116,34.69688112456896,20.48
651.9882960212537,55.92122195799948,39.61291665724536,18.61
646.9311128013259,29.73929186305197,37.70591240475849,19.37
675.0728694493786,57.081381791852266,25.353924469682937,17.92
764.7679994118362,22.410695611582433,38.47840907012259,22.95
814.3787768100187,57.37744107222057,36.74797619947939,22.32
798.0592130153194,34.06490748958538,36.70564185356471,23.43
683.9801690837828,24.05683313796866,31.86993638505357,20.51
886.4595841989583,39.43487036745303,30.970079394317544,25.39
821.3690750087305,30.271062708820317,29.54373593249789,23.8
766.3062157534202,31.394916078476914,25.985422884315486,21.77
783.5162238703057,32.29159859705146,28.423530452405487,22.85
725.880018728337,52.121035913306535,28.69905452467037,19.65
674.3192968503472,41.56645106701018,32.261156045653024,19.57
706.7918035953785,32.45230796624014,36.21166609895041,20.68
827.3538331393107,44.41335133243673,32.1071474259692,23.33
604.3180465889268,48.64602696892774,25.86766674170741,16.12
634.8217921520749,30.90496002934135,39.36684701482306,19.07
613.8007926065259,36.541964061014056,39.14086478641168,18.61
612.2186406956911,24.8754437334779,36.77784314722612,18.85
856.6381752033021,27.245973981387213,39.86991852346331,26.06
811.0973578140071,47.24471415859931,33.16723499200394,23.18
742.2521487261976,27.257533907825078,39.44152525379809,22.14
629.3502481953004,41.006535346682405,26.134075609251262,17.57
747.4847625350496,48.36185046889731,30.48521122392057,20.74
742.0415312341697,24.275076923789754,28.380719020101488,22.28
651.9605609730046,42.692488785156144,27.93749626201405,18.0
730.1554947713919,30.262511348054552,27.11204423339014,21.42
719.5514203192121,58.517075009503195,34.33620462348995,20.19
784.7550294156649,39.34182586879699,36.719827836209575,23.45
790.5280952602932,52.23970199100633,33.674475991305414,22.1
613.5912029316133,42.00906168625047,27.204440643823144,17.46
712.3837843879413,21.736501314192765,37.16685654900206,22.43
787.7579747142709,45.326055023760894,34.53932060745593,22.36
750.9408775740263,58.05613368826628,30.822485591904933,20.15
856.9469523564967,44.06447280585325,35.11195443304094,24.06
797.6080894856835,52.767554377071605,28.898574688642494,22.29
648.880328124429,55.36825853393631,30.177883127413157,17.22
621.170624220129,29.1231908779573,38.76228764697986,18.76
792.7257834618947,28.481793596329066,29.357567585071305,23.31
607.9533931624866,44.43923955403967,32.04982402236905,17.34
775.732674382039,36.44113879226819,38.352117060940216,23.03
882.0690724274873,53.59445211466881,35.61582025401291,24.96
772.6422533627637,56.000924935920445,25.933048392470543,21.39
716.4509778619565,34.136855172108724,27.209545664184557,20.29
792.986465532706,29.47482235897928,25.117623861578753,22.65
737.475867147455,51.221020609754476,34.46382685343745,20.58
763.6850367947804,30.992241421925442,31.715101381156273,22.63
882.4394426329575,52.90457274054714,27.014122763534132,24.64
715.8307913402323,36.94953014595051,39.36901181585156,21.36
888.3571691471743,46.70199597165882,32.9448958591843,25.6
871.6051925868192,23.82141255338673,28.628399411693337,25.27
658.7373404367889,44.954372987062925,32.50905356732061,19.24
620.8083902625497,38.07070714948917,35.19430499102661,18.64
630.233400413228,43.46433852701897,26.143588269603466,17.8
605.4665476954649,26.720568309794537,29.12055722571838,18.44
628.3328882267786,49.47494979776728,37.104482363259905,17.46
804.902032024907,54.51188310172914,31.89497305603992,22.24
621.3565945380687,28.669592003631024,33.19865713048442,18.31
695.6926890881284,23.828582220806467,31.49224003314204,21.0
853.4625932908364,20.945543441853456,25.658499139645077,24.73
606.9815807207477,45.67886001773064,27.486246697302338,17.12
844.3405447766808,44.28376144355123,31.683124581128364,24.43
684.55643243202,41.8678965085628,28.137781981118916,19.55
635.4494482864968,29.277883844639017,25.74968542989518,18.49
809.0211496092452,35.63623983622058,37.65474496077736,23.55
788.6828540339652,43.77905340744692,39.71788793746174,22.74
863.2416040581159,39.87067435436678,36.89714310995109,25.51
820.5213131411657,59.51142080859549,37.806773825570005,23.22
841.0442791154546,25.457590102269325,28.62965695475568,24.65
684.6103717713919,47.80578216190375,39.409404632698,19.67
653.2318631339168,36.172750724171685,27.953885566801425,18.11
825.1844254922576,37.12798459702459,39.27144715542748,24.02
842.0504217801792,48.70391062632705,39.92228940948927,24.86
897.151542600202,47.69744605297478,35.67584208619073,25.24
723.7853030734279,59.65023974808753,39.71715597687733,20.4
711.6054257378349,25.13577157816501,33.543096693506556,21.61
832.9238882225991,24.164385975366653,28.893126747641354,24.14
702.2410620759053,48.97355268514964,31.554938284984313,19.77
879.2271976810694,43.13547668025636,33.90341403068179,25.51
857.5238255529035,30.966426662392234,26.096223430405225,24.7
728.6982082125055,23.176774759559464,34.33514896925869,22.81
825.2613203374492,23.426329983857222,39.71766755143442,24.55
826.3628622254047,55.76763498656473,27.851614746755914,23.0
630.9371606507798,27.674692988749715,36.88892674432575,19.05
870.7658720038701,32.93486248462083,38.61848190669429,26.04
751.5757117343571,29.06625608907952,39.155523892303314,22.76
847.9372398323225,34.1998522332775,39.40203406608171,24.92
696.0148803091836,22.776953709843735,32.821894580822075,21.0
868.6569685488602,40.76239163633082,39.65961861987255,24.87
716.760503620249,22.704502543688598,36.359653107016584,21.95
603.2512954440895,52.014260312894464,27.425071543554427,16.55
871.6145929257791,29.34848327641732,32.15350159701955,25.77
627.3860030358401,41.60047658418043,35.77496763058006,18.55
695.7940912771245,55.20316350245833,28.71010473728625,19.14
885.0185901152415,46.03509476188776,34.60922775323331,25.34
885.1821440812669,41.318311462053416,34.999007185699284,25.29
772.0313664369858,32.973350124615024,27.44049615712849,22.03
789.5511636509398,33.320076522327916,33.476279686791344,23.48
734.533656593496,46.7794782079276,36.57440366467912,21.52
687.9632315094193,59.7655744488467,32.48343496803913,18.76
698.5993636109748,46.47356759397515,25.181546751641612,19.33
801.7555368231115,42.311336694801,25.13557703618938,22.2
825.7123588313041,49.22602040956984,30.355440159550184,23.51
837.4737131177545,38.60822449134872,38.89291102647673,24.79
836.8854428383662,22.405693704031407,28.430151694054132,25.27
627.3618309146071,42.491872635116394,34.51545533307531,17.84
748.3260914107744,58.305011380215205,28.33113806039981,20.24
617.2676280049933,27.012117694306387,29.82504984489323,18.34
764.8586646971207,47.600195632826626,37.72063134402226,22.18
732.4591504120131,28.03734754636226,35.9329216340492,21.86
866.3112548274898,41.43310737892325,26.43098915969816,24.18
705.2745037656236,23.867057985868783,31.430530314796506,21.32
635.1201049282818,38.014837450327406,25.437546454678966,18.16
642.8975046158507,50.24653315580984,32.21335219904513,17.73
828.4531895152417,33.902860969559285,34.93651017551602,24.71
785.4654189948783,46.59646897948872,26.777539353972273,22.25
630.336802836837,51.81799843158917,29.333274083637484,17.41
625.2320418344992,57.087112779178106,30.967549382532354,17.1
810.290739437736,29.38568327421814,38.79296536984074,24.43
621.8289019092581,35.97263663237233,39.89882523134446,18.37
846.5580177871069,26.096640533216696,25.673669484934237,24.6
811.8726681469489,59.699340086335006,36.41511885243088,21.99
624.4046341925699,57.08003871697181,30.575860996035146,17.29
625.4513142255576,41.59828521122238,30.8868727934422,17.38
895.9918735503527,53.68133177505685,36.31397460020534,25.79
712.2812387268361,40.83831909088168,38.77639648218113,20.8
711.1926441200673,44.94342752011039,39.26392891753822,20.63
843.8398701772508,23.564977284640666,33.65683879057481,24.99
884.1745732151576,50.21081681987232,30.35681738950754,24.69
895.8003191468613,25.108539345409394,36.813236287881686,27.22
826.0134555776825,53.04270521010113,28.765020748934504,22.12
712.8778756592748,51.28112350681543,33.461110432502764,20.42
625.0502150096006,48.349787909719055,30.378676922873098,17.57
833.144074778231,21.446415220990485,34.84946610561814,24.69
767.5212749207415,32.12513423781314,28.605983693402603,21.91
727.2666027740929,30.524502796433715,27.873894186022387,21.61
871.9063155284208,34.40545629886076,38.773586300131555,25.49
633.3592446918454,23.50570987055354,26.527055244243055,18.34
747.7875312872577,57.47831292124251,32.589368616023975,21.01
603.4060934302257,42.15208962849505,28.312791744445136,17.12
740.5981925982379,32.22097242632094,25.58394944988501,20.97
616.8909827045512,35.879260682971335,25.540282274371396,17.6
635.6453748804216,37.888101620193424,27.62832658158741,17.8
635.2578740331314,44.02377333442469,38.001555317590004,18.81
794.763090634819,40.62717710785991,29.2371811596554,22.94
823.813463779627,56.775678928576696,39.25688755862944,23.48
775.0106295291479,39.87853931623321,33.7243343948379,22.51
888.6517645423626,59.6863205929325,31.54921284653149,25.04
712.4611738571112,54.05699830980383,33.70133252004182,19.9
685.7136258845583,28.340420574293432,32.75047577839402,20.0
860.5797384568381,57.22380858575665,36.381643806359875,24.29
667.0787515558358,24.654655915419042,29.237440989592784,20.4
888.9667618321835,52.697988339647665,30.295755874004534,24.48
603.6463424069449,35.2249317390632,38.41141453799876,17.94
890.9636480122917,55.11897281780278,39.19684769725608,25.44
612.9479735851728,54.72226760429801,38.38837341229711,17.32
867.3429341094213,52.23701600470485,31.291719909359703,23.96
758.31033272589,51.601217452282455,36.70548254510322,21.87
897.8894388357901,32.18716556392163,32.14503599951648,26.88
622.1389694206197,23.23677132205009,32.46309778219153,18.84
766.1562853203963,36.11920715060646,28.07020163585926,21.68
890.7907606857298,26.940980599460346,33.86695454887774,25.9
756.9293532510446,47.79804355609847,27.79203846630022,21.17
788.8195914405787,33.84398906151142,29.973470486007905,23.17
808.7246066953851,59.02440803439659,37.82545302429902,22.82
736.362319430332,45.63888309381328,28.10613713816283,20.63
788.267424025219,52.899222545374435,26.06737427760149,21.44
775.29429357693,25.300986909673938,26.035113889192246,22.29
870.3474031472967,54.4805792909049,39.11176780754662,25.0
613.6339141024374,56.910287620535776,32.60380656942752,17.13
684.2889568776691,39.482476752757435,31.141181077255276,19.19
885.1234452229676,44.2501175100391,37.163178715118775,26.03
867.0791351672749,50.59239203611982,37.53738891865774,24.92
736.6970258357139,26.993545090416504,29.98286549673407,22.12
786.039779340461,40.102643058537694,35.40427086210693,22.41
683.2143548943397,35.946521110892526,36.5668422377783,19.75
656.4363479171284,25.854959686489963,34.819760302989316,19.74
739.1095214819946,34.701376891661255,27.27392612200149,21.35
706.0056684078158,22.726892375419744,38.138246252755856,22.12
775.0968335552616,21.03247627797948,33.08641829104013,23.51
623.3203910894955,25.40665156619291,29.237086395550055,18.42
892.31844229985,58.52460446356695,31.37842278156541,24.35
895.8632233438809,41.98118143580068,25.56356635598361,25.57
809.4485142059235,58.6328864461288,26.918002018336264,21.7
760.8289099032361,37.299915133205275,36.48320125773791,22.79
692.8582848858983,32.47264532341038,25.000174521330493,19.75
844.1385059120846,40.245674513609764,31.248487427234384,24.67
805.4193517661638,37.58046754531641,32.83765271628383,23.53
648.7850818034674,24.22658737046976,25.819516300014584,19.01
873.2781553481527,45.63305258760825,39.596172444584994,25.15
846.7611728769507,28.641527300383984,28.39187996874508,24.55
884.9399739875772,44.78351819591318,29.562980794544213,25.14
817.715852516508,46.00804369592613,29.559137683825412,23.06
784.0245587807369,26.080994125145924,28.456249931760247,22.82
725.4729108871857,22.453985084426726,25.02210733129467,21.22
879.818545006204,51.230463442737594,35.94017191131994,25.0
859.8191668501224,38.392016950772806,39.50268249698928,24.64
613.5656010318568,22.32655182021903,28.364402249275678,18.44
607.9100923491756,59.794652686790684,34.94570787705133,16.41
712.9390100634149,22.311222439854667,36.12844490438073,21.32
843.1659992345499,47.801409154342124,37.72638068635787,23.71
896.1828387944834,59.34715701053654,31.339437955204136,24.19
645.1250673310584,29.567204168637026,29.543963584606438,18.52
778.2392146056405,25.689974747487845,29.879427010345466,22.73
714.2672569893065,24.855397576897154,35.68931999647769,22.13
890.974319344381,32.13100590270382,37.251691997584544,26.18
852.6356769407126,24.041832440425868,27.724209516349042,25.06
851.4986114133413,47.68645366776528,30.564115122366477,24.1
740.6079479384911,22.491671925202507,38.52910295123725,22.64
724.4458507012996,40.37688512599159,37.10040279542109,21.13
682.0221215792119,59.86787415411907,39.77287604143714,18.79
616.9126489952781,52.558810780240755,36.31372389523121,17.85
859.4167128765159,44.608777529240434,30.897928015418834,24.93
843.8703027390233,32.25014483146447,33.859567509919565,24.25
899.9153019858392,44.95583345166554,34.915213813709805,25.48
898.9910511221716,41.08165855646607,26.17683724475686,25.29
766.6295116807883,37.04333535561486,33.16745438655798,21.97
830.6962245541531,25.22841506960798,35.63981242708914,25.0
883.4297189647284,55.46416860961867,27.509819560015906,24.08
854.8942172032234,37.9913859528529,36.70947576138336,25.62
674.2044305229593,27.784900472830603,33.75659170771168,20.48
735.163240593028,34.71037403509158,39.28332678546392,21.95
638.7478245454485,36.565190101157086,25.636334473103375,18.44
886.2153081776166,53.10151582267497,28.979892063332006,24.93
781.852390335264,49.344575222456086,34.02330818949736,21.97
668.5928416510388,50.77219574565359,29.44839868308896,18.28
801.510205321757,20.441250577145887,35.716362461068634,24.28
785.4384721373688,36.64615992719046,36.38507923782896,23.29
707.4488154098522,39.25376606541295,26.537739460997116,20.06
634.0672776598888,20.76769107292227,32.707816963101514,18.79
801.4719586778399,30.392528349801367,32.633358333865836,23.31
756.092310271138,50.4115929248854,30.539211553233116,21.1
831.6955175206917,25.48438822915996,38.99387293854508,25.07
756.049050333598,41.41240525810367,37.41259479809832,22.62
855.654450095562,28.6080748806895,35.45814072864455,24.96
765.5720516323456,20.484830985755732,35.714899536024966,23.38
768.2813914606159,29.64805830398166,31.925742157196787,23.04
862.9960807975035,59.03495019640215,38.81491781644864,24.97
721.0448598637191,52.06148447531958,35.41893140879928,20.24
640.2045685351923,58.383065772841334,35.93471592483725,17.92
608.6348028940017,39.514161757054495,37.92536355681018,18.11
826.5411767020857,24.38944794710014,29.111073840132864,24.4
786.0928654060394,41.91837955894772,37.10606355800054,22.81
811.223930429767,38.17509338239844,27.928609044347382,23.26
663.8892484526732,53.77428330958464,30.180129283673317,17.53
640.9114426760309,23.923303231369783,30.03415681404764,19.32
604.3633997003645,39.529645480871125,39.67788202583711,17.97
705.176267641979,26.00194658775937,37.8480583562189,21.3
776.9753060563899,32.9870370756024,35.5175479238539,23.53
717.6732135299197,49.49428309551199,35.90585142423085,20.22
731.2424766071188,39.04072517475066,33.43109191603857,21.05
871.2476083481245,35.035531405830774,39.20636000662779,26.35
704.4766401069901,35.779051142801414,32.44388129323542,20.25
754.1968467479433,38.377870736239466,30.70776564804842,21.51
835.095903822343,51.400661753482275,27.445530053973865,23.08
718.962834696381,55.68338755760938,36.79308478391587,20.46
786.626010068362,58.21338746015713,36.01665898113387,22.03
858.7091126240235,51.4761354502118,30.765325577862022,23.62
884.8561870972926,32.61627582992051,25.37790120938844,25.18
644.1220442787114,47.525388243461684,37.58495991577016,18.35
877.9762875484483,37.50412496221568,25.171269751811103,24.86
747.6348879238615,30.186824881842046,35.55549669443576,22.35
677.4733164896875,53.634863177036905,39.55385664589085,19.44
737.7407268714784,21.537053958493,31.56491992222305,21.57
894.0097725856431,56.07047968541694,28.52460107493929,24.96
747.7854281978609,38.45909858498936,35.57306515065073,21.89
698.6254830862524,45.48805907233122,37.256922130233775,20.59
790.0202562950177,46.37415688823131,33.19645474116771,22.6
672.0436856334579,55.804709628261456,39.50552912884219,19.38
622.7589984325991,45.466787286688295,25.775030824869418,17.38
638.6639165731948,44.55734339040247,32.57193397456792,18.6
638.4137516873317,22.666081622427598,35.77680920983825,19.65
645.5708080536883,40.73632087780816,37.93960706723769,18.91
641.6481517948231,26.006760032681665,27.68883417861685,19.56
792.2624234409643,49.497350748859425,37.000052226455225,22.89
654.5640253197435,40.488876832506975,33.29060613577818,19.07
703.700184997159,47.20911116833413,30.94830522984945,19.43
869.0365229718036,21.66691602409537,26.975725428686403,25.16
742.1884920788617,23.391680641832128,37.97943638363368,22.66
800.2673215563082,48.65293552250729,27.35909812269573,22.3
651.6959613604889,22.883373439946936,29.64681788813649,19.27
657.6867056426013,22.850269110610345,29.350682979436552,19.65
612.2605848799436,20.484339009395498,38.07121051286281,19.48
650.6805189216493,58.2600559319792,35.09054491313347,18.23
683.5771017095876,49.50033437836028,36.950220957870584,19.18
653.1031452830241,34.13005634008257,28.757018481887485,18.84
626.6107601271167,31.86142325150621,34.37311149410498,18.36
636.1907613301803,33.988129189833984,33.57618974715623,18.6
738.2336304098177,50.986141247247275,37.492455651824066,20.92
661.9001155217378,46.45482444281657,38.59130590721891,19.02
709.2809583144226,27.407822714698717,25.1823515721608,20.2
751.025181256457,26.964373413363376,35.11029878588189,22.41
807.1184485888095,23.935825988535893,25.777536986795937,23.41
611.7936419523297,46.41210878805353,33.23287997616034,16.5
839.8231196727128,50.57490648886944,29.314490935655172,24.04
788.3701168472724,30.60185713300016,29.601648992832118,23.29
624.5277095846616,20.83779844123651,30.29437755178535,18.71
862.0735872320331,23.286866699057093,34.31938673574415,25.76
876.261720159544,58.71440139380122,30.01074948503154,23.75
618.3233879564591,31.81779109909681,35.990485758854206,18.98
683.0632944441611,50.768925913525344,31.067910783608045,19.62
841.8603839379184,44.98654275417055,26.02529800464938,23.59
824.4779071150975,35.27758558611583,36.75639763726161,24.55
655.3563058069132,28.227490487822205,29.28637486889059,19.32
662.8047970010131,24.855456726376257,31.49150319398894,19.39
711.1416308374146,44.600518721554664,35.281658248328526,20.32
745.3568955573064,50.98535122551152,29.986842357230678,20.79
785.4764314590888,45.75617014164523,25.848784842200736,21.74
710.6740918709318,41.21208532996633,30.608815705192203,20.22
738.7604148399444,21.67804893726545,39.166728740414555,22.61
824.241281440127,58.739551103775355,34.62601595947837,22.9
611.0049608671794,51.94856766618298,35.072187230008105,17.21
675.7310833032062,31.71288146803859,34.4842323045646,19.7
814.0048757653658,59.19881317435403,27.98488208439155,21.95
868.5620513061598,44.07526358545289,31.2750079615342,24.31
753.5032326346998,43.29690632828986,36.264096975449775,22.07
759.6340455795947,49.922927177181286,26.520593463297388,20.34
632.1516034019328,52.4707915236055,29.167791641345683,17.73
734.2237100470364,46.25914429326011,29.144786626987802,21.02
759.7851799365069,25.123829854648,31.48028391391759,22.46
672.741151090419,33.53070023977993,39.705531114132775,19.41
680.7729692848143,57.12334561304199,26.012538200257328,18.22
713.1852489313868,28.984624473754078,32.78051491570893,21.09
606.021359333318,34.88668095350053,27.690470230183156,17.11
696.6237496749535,37.28307531776784,39.56014818114616,20.52
663.4344020989633,37.57619958777809,26.699552570911962,19.32
698.2492056533744,44.51758329978102,31.05401503542387,19.99
635.9286395457754,57.7230335097883,36.06827477251909,17.41
867.1581842219684,29.6277084733002,35.568316420411676,25.19
778.0777360662146,24.86005505203672,31.340929553408984,22.98
803.7306957433468,27.898819594397494,30.197862519290773,23.52
836.7513715822015,55.47699600837078,30.96418567829306,23.35
749.5326596787172,45.83243250620824,28.96414394737959,20.89
626.0760864262271,31.436271569566404,28.079994080602,18.34
761.1319625455643,52.63787755874469,32.24559546338335,21.84
776.0523354062638,54.45479985453744,29.02800634101411,21.63
823.631842255299,53.860573547611125,29.31192497345875,22.78
729.4978638689038,56.75706134558218,34.851340952118356,20.27
638.2740908386692,30.08964080693446,39.52805997549838,19.26
685.1327717396173,50.201677149851136,34.05455800839063,19.69
708.9246889195905,38.4215798909656,26.154692005974493,19.89
793.7751723994804,53.67994211560246,26.133754207811005,21.75
771.2334914006735,49.13962708646453,39.271348312683486,22.21
706.8290177693539,51.057897859988984,29.459361854610005,19.46
895.954574637894,46.24647350724286,26.38100479123713,24.63
781.7324458070661,27.097150778788276,33.98566880725572,23.34
671.1680375207984,41.80107675587753,34.35473167435399,19.36
630.5347417861211,59.38678958098033,34.72757230178032,17.51
645.8577417552996,57.495522659884756,29.011030417863118,17.35
673.7873185153525,21.726949431880467,25.226660263217127,20.21
648.2044119778667,26.592592629177485,39.475230541817076,19.56
655.9701072153917,25.269150938182477,28.763395685366536,19.91
685.5285506081541,49.03919639941182,35.14039432078821,18.95
652.0120785884264,52.7114131942778,35.59944804818065,18.5
869.0296273879276,28.540454652426877,34.15011125619229,25.82
624.0701236984927,40.23410771807316,29.693610913204722,17.56
757.3534168710764,53.628121120448,29.06644380646099,21.02
723.1190480968985,49.31206179065002,33.965024240540544,20.84
894.713585072582,41.68948821967393,37.99143450417537,25.35
633.6116706504157,43.613907618350915,39.20100593385094,18.69
719.3566797137225,40.3344218766512,26.588587066056363,19.56
890.8411299826107,31.901938052752822,27.3224291889658,25.39
859.652137768194,42.600879714360644,39.17104388174619,25.53
845.1216212847839,47.55541208200363,36.04802842502189,24.0
677.370848113482,54.93291663443231,38.2449073724466,18.8
651.2662762170197,45.45165415916992,28.039489512030148,18.14
800.5929659773293,50.44486148172632,33.813788066641024,23.23
878.8127967382757,26.402865398182918,35.517093916262105,25.61
767.0288679041789,38.462298976791594,35.20167828170459,22.02
771.4838068409699,20.37326479308373,31.122275363000472,23.55
683.9937280980853,29.86715458086492,25.230923375369628,20.29
830.8478799575811,49.05846860452019,33.74389085206395,23.5
656.113124567257,59.67239805397454,28.796523087694133,17.31
697.103770921273,23.967123983488637,31.753813692143353,21.46
727.6309315849251,36.059772634451534,39.363715226257256,22.09
752.2831136053364,52.00283874796638,30.98552976463652,21.16
672.7229197245241,28.161425385155955,37.597024099966404,20.08
634.451047421761,42.20339797209145,27.82810908623877,17.86
783.1860127324898,49.32285184118699,35.086907470375436,22.2
686.5891659720767,44.63941801040716,39.65510431658415,20.13
774.3714664267836,27.520989384616644,26.52839651309405,22.95
646.3088145822607,34.21538274742957,25.12479913340788,18.69
744.3420305564453,51.35167137941589,31.503741889489216,20.48
759.7768297654758,42.16906056528067,26.38938224577051,21.77
615.5470610467281,20.20918454171651,36.22576524514347,19.09
700.9812834581762,50.43963040112375,38.71822995772838,20.29
640.3244030816923,21.412454197609563,31.51031459063138,19.77
619.0124911418303,49.82935130924929,28.880674632331615,16.79
896.9880697169835,28.099222406609496,31.516049785099145,26.31
696.7061534924169,58.32293920477521,35.85171726775002,19.22
842.9623337563904,34.71763005208338,25.135812423705566,23.55
676.3921964291292,33.077264653523166,33.84180984227046,20.03
804.4508166671787,25.955522013297788,34.199375273310686,24.72
828.068357966906,32.22416861960859,34.565323703439034,23.8
778.6916221823533,55.06603047312802,28.630331199713158,21.39
741.4728565650476,59.85337350508989,35.7107908506719,20.77
723.5522742441806,34.732381220273936,26.370872294976646,20.73
704.6604799628985,37.9444252381817,27.98905504700201,20.07
878.8587432743477,48.882837528109484,38.16205069981723,24.82
849.1858223363188,55.44783121860298,36.080847260898494,23.97
889.5080731999537,43.721773367471364,25.20618331017018,24.68
637.2891670456634,35.661027927113174,28.725643905547003,17.68
819.2602425610933,36.50487363394495,28.21609724489747,23.82
881.5021370463114,47.824725859872274,29.06209492055459,25.02
654.369919849698,20.128730544171148,28.713396554198297,19.62
619.9488802100333,44.78357349839363,25.937894436142685,17.27
822.3361947870177,34.219720417654294,31.884107748952303,24.23
772.3419339539736,51.76789325108337,35.99100212179248,21.95
852.5486330274816,23.719625592925286,34.100975870761545,25.72
641.9317129878868,43.52809067793562,35.0930750289712,18.41
838.580193557967,39.23891559544495,26.21723767804359,24.14
660.4881960143233,45.693021036209096,39.27236065265181,19.3
649.0967828597113,22.594143779318735,37.57737750764537,19.98
649.2797393792979,43.19935149712525,37.07635477743494,18.48
844.3724160694146,42.459383518380946,37.34475707562651,24.58
799.55916620886,42.426403776646836,38.99065762199142,23.07
756.9196274307358,44.13950666385819,33.163809491705464,21.44
707.6491452370508,47.05871748905449,28.00423026801439,19.49
863.1601622439325,52.19955998723079,34.25175411778812,24.02
717.7335322267907,30.792828805128572,36.14322240501909,22.01
844.9798318414731,53.001976407202484,36.06876090031038,24.3
731.7404725710655,39.93022729053814,32.821735362503205,21.67
713.0833288274723,23.082331165373247,26.02688079000367,20.59
738.803935700882,22.342037169759166,30.566694076451917,22.05
690.4133622492426,33.36953274784243,38.81149912695036,20.26
824.2828140528753,51.3958790844587,33.76673364636139,23.02
750.8161170277438,48.307237389636626,33.0749791488357,20.97
669.6638085440452,51.54459858689626,29.032802715732902,18.86
869.8723719823706,40.690762257664375,30.526733798748683,24.74
715.1673664119635,37.60795991821962,38.43019133729754,21.44
763.0658583341966,25.898101068251357,34.99694571290254,23.02
871.9416332893641,33.12771014437246,36.810805401284995,26.4
787.2713987741977,37.36077464695501,31.815181346014825,22.3
635.0694122125092,23.54401718718469,34.45370829184237,19.64
881.9496370840425,28.82447810844845,28.725754131148115,26.02
788.3124159214253,43.92901176254955,35.58191245425229,22.41
700.4716843971258,49.42652456956759,31.41402000555006,19.94
641.7816217990162,59.93390045571799,31.638182722221185,17.55
838.2075567810888,57.32453325374231,34.739834868653226,23.33
786.021826778554,45.70260798140766,39.0442093220339,22.53
760.0383275928964,36.84992213176288,25.960095199129313,21.39
868.1677749152873,45.44709458832931,37.371148560205114,25.64
836.5791633673592,51.42606472320928,29.385746656182896,23.29
645.5024639198253,24.733447636935495,31.658791817595667,19.55
693.5166203386644,36.39619558785153,25.328699931625135,19.45
674.5467419443397,53.59209142542469,29.515691167514696,18.33
823.183887771803,35.35331807732176,32.539468639451954,24.25
610.0597304207338,42.874890849087464,25.842641160211585,16.6
770.966905461395,43.51077443448793,32.36643594074748,21.89
828.7376057222071,27.379050125345575,38.90665943287641,24.91
863.0296910285249,34.48941766609153,26.580898271617077,24.74
702.6245246147722,33.38045154967729,36.46661092113256,20.78
846.3771914016038,21.04786834128259,31.14506580063989,25.32
633.1895210865622,20.96767055565421,34.82760571786507,19.57
853.9356875203555,53.26788174703094,28.90354896977844,23.88
638.2465986995948,30.922832398912497,27.392383938120375,18.22
719.1861871681102,40.72315064955262,27.406939214068395,20.25
839.1886097338661,31.949022943550922,26.057379184647168,24.47
644.9752282046321,57.62716980461362,27.784700573518645,17.67
668.7754185697925,30.37187035463095,34.963290774834526,19.51
816.6757705179199,37.186272509557405,38.22535917765262,24.13
816.0109609638223,54.909210019384076,37.21188528386743,22.46
792.3442898655892,53.67734267167235,35.27701464811726,22.32
808.18453334013,27.444056713851094,26.65647795116654,24.07
762.8173330042789,52.10573239182842,29.337811694439246,20.86
675.5397176720858,38.327475469515704,29.647103129837035,19.11
703.7087980511758,39.31875488341421,28.74935419596432,20.29
654.4793150404277,25.33919889663775,32.72508489564585,19.15
872.5351684000884,23.224060550284985,33.03330722319509,25.78
775.0175384298361,49.117572278950604,30.353289627566653,21.89
720.255425029092,39.85844609421199,30.30683738104654,20.42
738.6017410932398,37.474028104607186,37.42833396859122,21.65
884.1850018835446,49.18032914609587,36.83939272479528,25.48
646.0054209348241,50.62051595964439,29.616937475211184,18.03
775.8689496050392,26.35632670677414,38.70682665809889,23.51
751.7666036653397,44.40900597910565,39.29222525503759,21.78
783.4362706303943,25.41416329110742,29.90113813045061,23.22
605.4330551462522,50.05500344116183,30.31637423189582,16.78
861.6371726832455,46.278206250685585,32.58451230132938,24.61
879.6354847450837,58.26458484333832,39.1168121880051,24.68
769.5399550767627,22.75832065425685,38.144791497134676,23.34
808.9952471630677,22.282188846050172,26.53851943875385,23.47
876.7498143531886,31.287482987728005,30.890961149071245,25.53
812.1715902940196,30.46822734943624,33.30056784624658,23.66
645.7617128742784,29.879151962879995,32.5469870882731,18.79
772.886508050044,56.250183220841464,27.90794601905339,21.21
782.0145139148567,29.981847993980246,37.88225156752232,23.43
727.2392013907158,30.87798904514524,35.15411174495256,21.81
820.9332706874168,50.37593049671855,37.568625622777056,23.31
880.3101044307044,37.9895936980216,37.881464190242085,25.9
877.6705538720329,51.06842227820725,36.2253378049861,25.1
735.2518114212396,22.61464630257541,31.58815901874576,22.12
633.9714137522266,39.50284774693537,34.15820132523137,18.17
895.4523596887004,21.344544007331304,27.405481091796148,26.39
851.6694259337803,22.50612813821418,35.10468126212361,25.66
637.3988043609801,56.25749813377644,27.688798836089212,17.25
876.2525647852117,25.569814844703807,35.409243857652356,25.49
860.9689086186385,41.29682729100868,28.44397241130953,24.48
755.6514171378217,36.443824104028266,26.7632695022533,22.22
777.3826307234788,33.8937330503537,27.479267352144362,22.24
719.700811161039,55.9933338274909,25.029882028286053,19.21
616.4284916466094,20.87293587101958,35.781094267802956,19.07
700.5591724937702,46.551587447023564,35.98601573587568,20.18
840.8560345794034,58.535777368542014,32.72400024869889,23.64
601.3896069013808,42.40672733847368,27.420442015830755,16.51
700.0497515073432,57.472898481323675,26.253315062660345,19.1
719.450608077283,22.09031517144095,25.286934496559304,21.31
761.2186808813768,36.751732762966455,27.48622265447831,21.7
875.9566849238281,30.406311638482045,38.362833024747204,26.17
703.9037983097884,49.23283859922919,28.623052625525226,19.87
704.0859605688684,59.25188361988987,30.314069908258233,19.44
821.2503744329244,30.26120249776991,26.580182267219996,23.38
735.6653822669422,46.16698405896298,28.335419571222555,20.85
667.3814468819946,27.923905310389607,32.78836856170308,19.84
735.731854839808,42.61321018286439,34.11629024643479,21.19
642.2571061139399,38.55729946753345,28.680284712493165,18.36
652.916095951867,58.88021318526148,25.865982388376757,17.39
749.5103318218439,44.341090907858664,30.86549303691098,21.61
725.6776348513644,33.98025488347275,28.513050563895014,20.91
874.4537703204301,24.563831395517333,28.29330884844703,25.31
708.7181697349899,26.04987314939738,39.39794204070183,21.46
774.1765050834131,29.012677198049403,34.24450728888586,23.01
789.6792863758591,30.03866645361192,33.353176647581435,23.65
603.9283369765001,54.024642313645515,31.236626552849827,16.82
799.0612116050131,42.44891153130099,31.434165001452165,22.55
653.4107900609255,40.935636454974656,33.11357505757121,19.58
888.3210952408365,24.5907548747687,35.44644710554161,26.59
644.5988183259338,54.4055877339774,35.53219144272744,18.45
724.3872371181071,48.91257212833935,27.575408615581743,20.04
625.6049004235931,22.706734476000065,32.501691281149405,19.07
899.0622755537843,48.313403889190745,31.17937142551153,25.6
750.6585030993728,41.741528693705845,38.05790449404076,22.26
778.6155051960131,23.26901382987113,34.471283818275644,23.7
620.1229432165283,38.33202566114626,32.98756099623973,18.26
824.9881411197533,39.38785148520188,26.73091963268376,23.29
662.9716779286757,26.63098160653103,34.084568339851174,19.71
869.4162868322142,57.82792588001129,26.7580585852035,23.83
661.5418921446021,53.99901485922648,30.05809863348628,18.49
657.2063161991,46.76089349316433,27.142629472214978,18.18
610.9649003544284,38.491822440024286,35.38110470536553,18.21
741.6200835329998,36.47062166338034,28.093781707542288,21.67
769.452339978785,46.038938686038165,30.87789059782039,21.47
619.7125918285058,41.81727477627622,38.43512166428168,17.93
832.6582850085032,22.490924235275426,28.064745750984553,24.49
735.9866504244083,40.500105950813264,32.61707595938169,21.27
757.317080798274,52.25614468931358,31.289074917490332,20.95
732.2288240814685,38.369595103878325,25.271860615685945,21.09
720.2289182625977,22.078263102170737,36.89137170359219,22.06
767.8920993924653,51.451127975361324,26.035688594718994,21.11
646.5720737792137,28.054551285438976,32.11382531465431,18.78
654.5784391485813,30.34483339552155,33.410174424084246,19.02
858.5356863040552,26.588254137291834,34.426396849218804,25.58
883.8346386400898,33.2086025948599,35.32947443961813,25.31
711.9927948839259,50.2700602275454,28.799085752840725,20.05
681.2234019430662,40.77543438015749,25.14968164987674,19.05
793.1998629717048,28.195250966028503,35.85165493532368,24.62
722.6202513294289,55.113203126081636,33.034848990213675,20.79
607.6159066981035,55.18327419806117,37.54176554810873,17.05
646.8457792098571,54.82313700184028,37.320825443510415,18.2
814.7916686542193,29.55184845526157,37.64989251681825,24.61
797.6771825730455,38.04957376723952,32.2764198996931,23.55
608.128797751045,59.39958624563501,30.004425937552984,15.91
666.5916485798848,50.880499052399614,36.873373038870554,18.42
669.3224389764214,21.086696849022392,31.769411695438823,20.0
801.5678230796185,22.608183650419683,27.75163294605152,23.8
605.9131613263093,38.55725507249331,37.82461029342211,18.05
631.2325745953722,56.368808234462406,38.23839815158521,18.09
839.9748256119568,41.54807191810857,31.994646342102552,23.69
653.5633986163001,39.91250032137161,26.135495909646814,17.73
795.8238323555624,24.21894799826522,30.81739134875397,23.84
671.454834314018,46.271204188971765,37.05306489193905,19.09
629.8324178278035,52.88412642400902,38.52661042819343,17.31
672.9516572998363,35.216800300302495,28.052091137463936,19.38
816.6800795566977,51.0244740370131,26.004604180379072,22.75
856.7089404318857,58.57906615603247,38.160256796992584,24.06
849.0659593700975,28.150658365107564,30.84107408468313,24.77
719.1550588855364,40.93318524778965,33.12641446401345,20.66
800.4255409711939,31.485518323383022,39.52098718076138,23.82
661.4952886247463,51.71417676135357,25.99847091871334,17.64
687.944319078304,43.1037346352463,34.72477011178143,19.6
868.900745556336,45.383296702012146,26.111581338623004,24.45
603.9005770532208,51.916566384635765,30.632033926997504,16.8
625.6525592563404,35.8388189064982,37.0572181779017,18.6
662.3658765438082,56.60360273628173,31.502083491334517,17.9
607.959661162146,41.3211546898456,39.95773530854426,17.91
654.4306305269392,26.31819291341392,33.38588927419903,18.95
774.9124682909077,47.835964726752096,29.8174322895393,21.79
726.4273651777494,51.73045401753018,28.301669888571297,20.48
867.8015133230924,32.670467082701066,30.25780801429243,24.74
845.2330685215322,54.28717027995012,30.587999106393262,23.3
702.5452055093627,56.24573019063065,26.030705165859416,19.09
677.8270300293877,31.076179495112356,30.5436129914016,20.22
713.90772245018,59.34085890860888,31.963577796088373,19.43
777.0884827544423,25.628461121950338,35.841066283582066,23.1
680.4190922468629,28.0806267360996,34.85094227082412,19.77
787.2446723547403,27.368993569521045,35.631484828437316,23.53
722.8234956573722,55.75958840031482,25.125455228152855,20.15
765.614154255594,46.17170209299847,28.26501099370804,21.53
730.837958740595,26.084171328890914,34.925264325997844,21.9
688.3397278625753,37.612936734733964,32.25984052269621,20.03
884.5359920886469,44.61192100279208,25.07970213502519,24.71
829.0817382479282,23.33856339957533,37.06741963647734,24.75
642.0339527299358,55.29665473629355,36.59214359935506,18.27
860.5403927693739,52.14414141766141,33.22628744490344,24.26
746.2293594748542,40.20827094306553,25.99694988664408,21.05
868.3656680682275,58.685064610366815,36.49772574298877,24.02
839.9565767841946,36.71043917100398,33.75570381597046,24.8
727.56405134077,59.36441276145991,36.729399657369385,20.47
606.7407924960352,46.71679995214508,36.2762048859376,17.25
680.6032078154839,45.38685093015766,37.04503107936756,19.95
762.49026439826,26.6381958118314,32.77012099606937,22.49
790.0434659478442,55.27711033218576,27.104867772902725,21.38
677.3663056299607,37.099587516824606,35.067362100695334,19.61
641.8068222218473,26.489336231299173,34.30710677577956,18.77
850.4790710397897,20.50430079903036,36.13379780798631,25.82
895.3206542110656,42.3902273455353,27.54821509076103,24.75
757.7070546908058,41.095984884907054,27.924627998504338,21.09
651.503785754491,48.774144894766344,38.35614275828993,18.11
681.6921979558107,55.610322120712084,36.249666976781064,19.09
605.51720296424,23.17626338572118,38.623427330504846,18.67
874.2896419681497,49.259859613614495,36.380729817458814,24.84
635.3253248670424,27.49647776390329,33.957329589854524,18.73
772.954942654276,54.327082126286555,34.811991055418105,21.34
682.2165662061618,52.76254055446624,38.33691885910015,19.55
766.253400754738,41.631750199421774,33.682101317679106,21.89
795.4261165055593,48.40971194493246,34.48586986492581,22.7
848.9225411121605,32.574004527349935,27.34715074005401,24.18
661.926381528181,38.84671595731258,32.10881830174154,19.16
603.2987485975441,52.865475908418865,35.74595667937149,17.37
641.0656890206421,38.37060788692855,29.064140474745482,18.51
870.0055925544316,34.31193061301767,28.033812707868023,24.89
862.1670232687545,39.768497890012,29.707402123366233,24.7
779.2239306510925,53.12997009748874,28.622509419892502,21.44
780.155058130096,33.40832189483491,28.22368955554594,22.5
799.5110023638766,26.950463725429753,31.372762643021304,23.49
652.6113835870349,48.48056081323123,38.61757770825301,18.75
874.323583777488,53.03912850832327,32.60589470108077,24.57
725.631157467622,24.025499140941335,27.818805712229846,21.09
714.9415584748492,29.594964510237787,26.154575040713112,20.39
755.6753115848512,25.678879590439756,35.44234217706888,22.25
614.0897900325165,33.91765646328666,30.741981466545816,17.42
649.8850106268238,38.014039156216505,37.32746419878039,18.79
821.4100849279112,49.953053478532254,34.89266152961155,23.35
624.839600377538,46.04590339526696,36.94362175812053,17.75
780.9456328399165,44.837142699137246,29.07919059127673,22.16
673.6047329043963,34.09499786438617,35.38538383691587,19.91
716.788684212593,53.6579021233904,28.96092977040578,19.14
686.60812103121,38.85148669592658,39.086027191754376,20.48
706.7018149394847,59.16419752060618,34.54561422300061,19.78
815.7137715552736,45.36568553182947,29.86767700263013,22.73
689.1365146869525,25.05058966258011,29.042677934384088,20.5
769.9213920890692,47.04710248301736,27.863898776074652,21.25
742.8151206597299,33.00416061726796,35.419614383405914,21.96
799.1013496087944,47.4530878674439,28.280734194968908,21.96
881.0489217974274,22.78564592649623,33.92954898891234,25.76
819.7716291630751,26.995257487038376,28.96952540388036,23.89
664.482113577227,54.22949035623145,34.92953417190803,18.57
609.3549405183854,29.087182280940596,37.224095928108085,18.32
678.6792132899475,53.4816450097176,36.6703786471698,18.81
778.5233792100764,31.171043538176416,36.41276996396172,22.99
615.4277440452751,45.71527640234831,27.81583608538378,17.23
748.9098741603709,47.76602294039324,26.325774204767782,20.75
779.0528546750668,40.50619012580212,35.484232427310786,22.65
700.2731672450882,32.21242706786925,30.52520820691527,20.23
831.2736611237466,28.505775054843845,31.48519339605021,24.78
631.9794759401316,21.32757418249705,25.467236391900865,18.34
622.5413345207427,32.157856049628954,28.89364673912574,18.25
818.456626861081,46.126511621251325,25.50514605811696,23.13
748.6473948618595,57.532192737939305,38.187786589018714,21.2
806.5207189283208,54.84817929052208,28.650950248277958,22.15
730.4482015811238,50.642591061412105,33.36005754359512,20.4
673.920609971732,51.53789373013195,25.584689809916956,18.69
845.7306953022598,46.59939613903981,35.002710869584874,23.74
839.8247636906938,30.41147430264012,29.84541018631141,24.17
808.408941256328,56.28780122823319,38.468787804364986,22.73
681.6435411689888,46.82929247623336,38.32177283401054,20.06
777.0692000607262,42.4176252392176,29.879359275426218,22.19
708.2921690820081,24.439578768539242,38.51441343535702,21.29
627.4746219979902,37.88222175225702,39.94236510248168,18.6
875.1940726386729,38.41433084807705,37.38123496185922,25.39
641.0455892756884,54.582544380906796,37.67307021632843,17.89
885.0712061462407,41.86592880751154,28.73513104163635,25.4
733.8017318873867,35.216021958816384,33.650535982866344,21.04
655.5398786515859,59.07201314042637,26.008838709510517,17.99
762.5702842135074,24.428823733052628,26.423769052325046,22.58
861.8837507629225,36.901937132477784,39.98338918049936,25.77
819.6674659228684,21.680987006856213,29.899588741388662,24.19
841.9683443584349,49.59616483067721,36.222758680732696,23.95
797.6350100132152,56.72306208796603,37.099975795402244,22.0
807.6829693553557,31.201493182019576,37.87034906510844,23.88
854.7586954695958,54.33366707196483,39.96442446103235,24.52
674.9004026577558,31.68872921847591,28.622447278853016,20.0
746.8274890929422,56.43080646575661,25.605262402895494,19.89
666.3628325458807,50.158476143871354,31.167872769918787,18.5
896.300402398994,52.19627107365754,26.951210047434206,24.75
883.2178019059841,20.720262224018178,25.336388337430826,25.47
611.8280434105518,58.51241428296104,30.406402407122293,16.76
811.6725517547065,49.066839682812926,36.756073766128544,22.97
877.5744952246998,32.190043815445335,33.492710368376066,25.64
654.1726035382001,53.17578659435388,29.69166983815531,17.88
770.3835691657888,31.260847936597198,34.815130082390795,22.53
874.6464892764126,54.910153582645115,28.48027270463216,24.14
610.1837935757396,24.50321561647748,25.215721691081274,17.83
809.226080174052,48.14743909843183,36.46530079654641,23.03
689.2047022117653,41.62793906579641,34.35614627296014,19.68
877.318858612959,23.861378807817633,36.434539367514404,26.4
891.3174735496103,29.67575313035356,25.584070250314983,26.18
883.2799467340301,20.49616145109259,37.556794417459784,26.76
742.2642649972391,38.75071861858024,34.29289300054455,21.86
858.612795296794,32.05061043040001,33.4509302606896,24.74
853.3648195605211,43.934299371910356,34.36921072171798,24.52
695.7301419729768,31.88951230834469,37.966498703025465,20.49
848.6746422452032,31.996764460279387,33.804047598383605,24.46
611.1022904146478,49.727727949264136,33.71425569832269,17.0
778.880963544616,21.92571343913414,39.86018735598648,24.17
669.0026511863109,56.11579980767949,36.35095250602852,19.02
636.1700657331836,54.09055497564726,31.63440708176703,17.65
623.0859604887628,46.71218732905626,35.61095500049392,17.38
808.8866327634419,43.728862804295375,30.838457075376827,22.92
701.9624891304198,55.69209992558609,28.433131937252483,19.26
817.4300314586285,27.41320718114858,33.95277815331639,24.3
619.6069022396828,23.158766487633144,38.92273147170927,18.59
694.5871013491831,29.580406796381524,38.93709280023194,20.7
761.8473877126012,51.78313114800761,30.128579171582356,21.17
837.2169494516891,21.386810669059333,32.91516199332543,25.21
695.625750879621,43.31227340333959,28.174538478547916,18.93
787.7674129311027,59.817500647652395,39.93446664248325,22.13
865.7933244708561,54.227843753501574,39.71676861801903,24.72
784.7589564546913,40.857827561743576,34.74263394561171,22.95
669.8878424260902,22.545636371465694,37.0662108951621,20.69
607.3202344669614,53.25494057542839,35.726502419255496,17.25
861.0296621702789,43.95914032708842,33.897373285592025,24.42
606.3808232551162,24.597319882382674,25.800219954833466,17.24
862.4105018052599,23.75429139293425,31.821465138289916,25.46
758.6811402081636,56.3850727774637,35.12179453251116,21.5
881.7203095538689,46.76801051752314,35.16297420825527,25.62
839.6349707320996,53.17147197267022,30.596839276335754,23.58
899.3802331600012,55.15915601129069,39.12537979987046,25.68
705.213544635513,42.87089408193289,27.510355483551713,19.95
830.1564866793381,40.69785407020165,32.505391693233406,23.68
720.5792740827726,37.21709641283961,35.36325964826234,21.05
743.9626860911726,32.67786351164477,35.457037088377135,22.49
788.251638965511,37.38383843434847,34.72958435153223,22.68
862.1031342559016,50.955186229206255,29.1293232017779,24.51
895.2250407597885,44.07693724060526,27.34309853029933,25.1
830.4820241593554,55.70093159819385,34.539104902400666,23.64
725.3300346502001,37.73520057516751,33.989531742091565,20.68
726.407100683121,44.28358314875016,27.690340154338614,20.56
821.2746904766675,45.25230212367955,35.57708718355845,23.35
671.6331437304907,43.66788649225302,31.827579876004847,18.7
633.1422339394184,48.10535092342065,35.01640887404729,18.08
706.386647292233,29.49733873499225,37.56050619655226,21.51
686.1716974962245,40.494551101831625,27.545926428653846,19.16
688.8924361367971,24.168992112333907,25.28717301995255,19.71
670.082325314973,35.3804531057925,36.6865387959368,19.79
612.6279568909085,39.50668274485058,34.14546137728924,17.78
605.3621804200242,46.088970381818896,35.49459354433183,17.52
896.3167169208095,58.02124210344814,37.57232462482964,25.5
728.3319401207586,44.026042661934234,37.04216402236751,21.06
715.2979941479045,49.74375664706239,39.41380220393237,21.13
803.894184807921,40.25064237980811,33.039026182781775,23.23
665.4761663595193,45.364161255053254,32.32743448989858,18.8
884.9883551850676,22.837288645350938,31.02830799836095,25.73
835.9035043246656,30.17566323367388,27.30536564266307,24.12
626.8233006936779,34.47412372820555,33.589108493230334,18.32
725.2742327354786,38.89973420026054,29.155187864889683,21.01
863.7354922686494,21.82594982009535,38.819612683194634,26.31
883.4196066874231,25.60096390213271,33.747862064156465,25.86
740.2204533749609,31.07257231165223,33.89260270762165,21.91
784.0234167632123,58.86130763604203,30.32386991315515,21.68
650.1101838276226,33.25388028412203,25.779840279665613,19.09
897.350587841093,39.2816423244833,25.47615648059483,25.64
669.5015104150331,27.843908509535716,31.350027162297962,20.05
882.8195322405377,44.43120284303073,26.26848067145857,24.77
794.8939946977105,31.22732862063897,34.10270433310209,23.54
782.3210384636577,28.27970313753707,38.21459508459486,23.86
753.8065533049526,40.66290513783916,38.24372224778083,21.65
669.2009435153276,20.220231966416833,34.88568115198348,20.33
652.9584096016524,20.306561305969012,28.168477472093965,19.29
666.1458627210526,28.76275236407431,37.94495247038308,20.24
655.9314786432764,21.468854500032847,38.29140152969812,20.59
833.875342070026,24.321030165227654,27.94980377429438,24.29
705.0375777500191,33.55442597355007,36.06139128656016,20.15
617.352802969019,52.103427183192515,29.297793233906845,16.86
890.7307890422434,42.88194573477203,37.039604685293945,26.05
865.1357654890278,40.50670903825666,39.958568498554044,25.52
878.3256849585639,31.739552928324866,25.45039007994089,25.33
898.4723467939306,57.270148777312656,38.46048798686398,25.29
652.1685747658462,35.880601649487666,34.33945800397987,18.74
718.8726056707976,23.48371067183086,39.600739287472315,22.16
827.4715427112274,44.68266064471205,31.975142762896414,23.29
808.8061854161376,24.553535739064056,37.710818958570606,25.05
646.1687719019565,33.80892571206768,25.935911028974157,18.67
844.7499374971853,40.29647754871235,30.029185751174435,23.95
667.3321715509982,54.96890098740703,26.005248066268148,17.87
667.145284446787,39.741863213604745,39.63014700218606,19.69
761.0923268680241,48.09035064126657,37.25460860907755,21.75
777.881980452511,59.712673559962816,37.788211318689555,22.09
774.0258623513433,25.259564795919264,39.06947847150841,23.51
627.4460512193265,30.98926102078078,26.27655229179678,17.91
863.2382587891141,35.783043023905854,30.7839638877,25.49
679.6800127766119,36.873127141553255,26.065523335660032,19.33
638.8544763848413,36.44084301062183,28.16189652325043,18.54
866.6244239606931,56.3044401022622,28.440486655565085,23.66
886.695449468926,48.56130577867425,32.03660816571368,25.15
858.6382851796352,44.31620856362815,29.02843251180464,24.35
842.8548224174634,32.374908714511285,26.514671602266418,23.66
796.5725941917065,52.95161536885179,27.512366336411617,22.55
765.2572111827418,58.202420459399555,27.209133453281364,21.16
626.096027973423,52.84793130200906,39.596151968684474,17.77
722.5359639212096,20.062604207658914,36.3893876037771,21.74
711.8065551036942,45.45605480733628,39.51642197904343,20.8
677.9261351280978,22.045415257684027,31.59610729761863,20.4
817.0260341065755,30.304288813348876,29.17552722493985,23.88
748.7627205236313,22.380988013910866,36.9743979581378,22.8
624.3138647722944,44.15181811797551,29.893808770617202,17.77
666.0549605849434,47.46359653970427,29.490750605580224,19.06
804.9776290978788,24.579505522636204,28.48758988311747,23.84
622.83925784709,35.35355532179918,26.94518467336353,17.51
855.3620742146306,38.24946035822168,28.84694591525149,24.86
748.5439581041923,34.76212087043666,30.329796227108314,22.16
744.1759731979944,24.841000019407723,35.10991312218596,23.31
777.7223353978553,36.75791160749902,25.938472633291774,21.77
847.4042897775448,50.04712191233672,28.157604094980144,23.66
704.342762370658,22.840306581330218,37.135354604375145,20.83
803.404845767719,23.20720056327614,27.203828853756562,23.77
769.7195891987374,34.19085167343937,30.139677197837823,22.13
680.1084810508264,57.669028464757005,37.9698838278721,19.66
863.5889959065473,46.742905868916566,27.32387966715164,23.93
839.2278064820784,47.14679826690259,26.24105253427285,22.86
797.5355503975277,34.4767996335146,32.26806992620016,23.07
855.1745187282726,43.74643164834154,29.536292669178046,23.62
860.1882602879407,20.405247361109737,33.45112546725781,26.01
812.5088930145105,45.44384185638169,37.05707335725213,22.79
851.1039985091016,56.53147790304947,27.057227322291148,23.3
809.2414385007851,44.50293873379277,33.71048626831428,22.52
804.0422315280902,54.947943738653805,32.58263140584796,22.3
785.5834134645553,48.95892221864375,27.161181790197993,22.3
825.8149918672924,24.82233665614761,34.359977282934736,24.75
647.5815315879221,56.09813229143367,29.104606267911574,17.38
864.2612277596786,22.657753774230997,32.31751477816019,25.71
861.5530583235695,41.35869890191055,26.23408486415593,24.3
608.7741849103677,25.685484951738307,31.893760858204345,18.38
847.7450251694288,20.468264429236164,29.596952020642306,24.76
638.6609602420335,36.88137040510556,37.335718167780314,19.07
700.5356562777425,31.80162830616625,25.854680904960524,19.34
823.0524768874823,39.44001975190412,31.27910912377495,23.44
648.2279688144924,43.08799546938204,31.876471361971568,18.35
845.3901072357187,21.749562892357893,35.87509114448678,25.65
849.6402533873226,24.920131804949825,33.614313626353166,25.28
752.2403201282509,42.34569585801701,35.00818505791271,21.29
601.9157615150501,33.72669412690633,36.655739284776345,17.66
686.1114399524738,49.16693950197792,37.93304460487283,19.73
785.0780755127226,46.09166594367758,29.708132450837056,22.08
894.3558534082271,53.82417451959627,33.07034058045855,24.89
789.5440581050005,47.69971306676901,37.601621176588,22.54
677.941074319248,37.19724309560593,39.841766964475845,20.37
790.2017109298833,46.9186648957773,38.34278966565645,22.63
761.9956139147566,31.01524697021674,30.572008939365652,22.23
833.953618545343,32.25253995112851,27.927497758279756,24.73
632.0941916480875,51.55940639683173,32.34088806109883,17.21
828.3083707506084,37.856780656063286,36.12462177754063,23.63
762.379973602833,51.9352136207341,32.38853606129946,21.58
888.8976011576983,52.89689494673114,32.247712949705026,24.7
702.5616498116058,54.30249350645135,37.57345631622701,19.77
789.7865679401845,56.66540943364829,30.421056686007795,21.53
879.6084316530053,37.23940882053185,37.896920122174684,25.72
630.7529183972038,32.75467273284555,31.102072014275855,18.94
881.1685461709353,43.28794986376455,29.92349658517509,25.25
806.365716690244,34.84689693750511,31.809848667995485,23.68
620.3511177315515,44.042966672009314,36.436704380123025,17.53
690.2890700840449,48.223434505752984,26.890030417959913,18.76
812.4516265935845,47.536200739685476,27.94628823808026,21.85
620.2051804406315,34.98211548080485,39.27167238494638,18.35
774.651138052882,26.67440806795011,27.63237441072036,22.93
703.764917085887,37.2211735384883,33.51590976896582,20.64
786.2746553302431,25.70376576327635,33.68971699992907,23.36
613.7226101437539,55.60388140735233,32.34436693075367,16.9
861.4610418457129,33.8350984295143,34.67117872865228,25.03
892.0466907532191,26.17838988893295,28.447400886964274,26.14
890.6633565857074,21.017910396230036,33.28993401665122,26.85
824.8955495228774,45.83289545145937,30.582598828703457,22.83
639.0258720391896,45.47609269818973,34.92500889443784,18.4
